CODI_EOI,Data,Samples_train,Samples_test,Model,params,Duration,count,iter,R2,RMSE,vars_selection_method,x_columns,y_columns
8019057,imputated,753,189,RandomForest,{'max_depth': 2},0.0036826133728027344,1,0,0.2726558659625524,0.08715612884820402,pca0,"['CO', 'NO', 'NO2', 'NOX', 'O3']",['CO']
8019057,imputated,753,189,RandomForest,{'max_depth': 5},0.004069805145263672,2,0,0.014033872454080054,0.10147497677093513,pca0,"['CO', 'NO', 'NO2', 'NOX', 'O3']",['CO']
8019057,imputated,753,189,RandomForest,{'max_depth': 10},0.005258798599243164,3,0,-0.5221389850372804,0.1260825884683693,pca0,"['CO', 'NO', 'NO2', 'NOX', 'O3']",['CO']
8019057,imputated,753,189,RandomForest,{'max_depth': 20},0.006224870681762695,4,0,-0.5389876305862948,0.1267784754494695,pca0,"['CO', 'NO', 'NO2', 'NOX', 'O3']",['CO']
8019057,imputated,753,189,RandomForest,{'max_depth': 50},0.005758285522460938,5,0,-0.4583888315332621,0.12341405565815487,pca0,"['CO', 'NO', 'NO2', 'NOX', 'O3']",['CO']
8019057,imputated,753,189,SVM,"{'C': 1, 'gamma': 1e-09}",0.018957853317260742,1,0,-0.034699377646669305,0.10395252793271884,pca0,"['CO', 'NO', 'NO2', 'NOX', 'O3']",['CO']
8019057,imputated,753,189,SVM,"{'C': 1, 'gamma': 1e-08}",0.01407504081726074,2,0,-0.034697867149510835,0.10395245205558144,pca0,"['CO', 'NO', 'NO2', 'NOX', 'O3']",['CO']
8019057,imputated,753,189,SVM,"{'C': 1, 'gamma': 1e-07}",0.015340328216552734,3,0,-0.03559509350190915,0.10399751287616364,pca0,"['CO', 'NO', 'NO2', 'NOX', 'O3']",['CO']
8019057,imputated,753,189,SVM,"{'C': 1, 'gamma': 1e-06}",0.022949695587158203,4,0,-0.03535762032642609,0.10398558831429844,pca0,"['CO', 'NO', 'NO2', 'NOX', 'O3']",['CO']
8019057,imputated,753,189,SVM,"{'C': 1, 'gamma': 1e-05}",0.02144813537597656,5,0,-0.03219104420457053,0.10382644985349107,pca0,"['CO', 'NO', 'NO2', 'NOX', 'O3']",['CO']
8019057,imputated,753,189,SVM,"{'C': 11, 'gamma': 1e-09}",0.014328479766845703,6,0,-0.03469769931663546,0.10395244362479213,pca0,"['CO', 'NO', 'NO2', 'NOX', 'O3']",['CO']
8019057,imputated,753,189,SVM,"{'C': 11, 'gamma': 1e-08}",0.014143943786621094,7,0,-0.034681084309977184,0.1039516089957698,pca0,"['CO', 'NO', 'NO2', 'NOX', 'O3']",['CO']
8019057,imputated,753,189,SVM,"{'C': 11, 'gamma': 1e-07}",0.015036821365356444,8,0,-0.03531639650911566,0.10398351814767656,pca0,"['CO', 'NO', 'NO2', 'NOX', 'O3']",['CO']
8019057,imputated,753,189,SVM,"{'C': 11, 'gamma': 1e-06}",0.022417068481445312,9,0,-0.031929085364770904,0.10381327400668533,pca0,"['CO', 'NO', 'NO2', 'NOX', 'O3']",['CO']
8019057,imputated,753,189,SVM,"{'C': 11, 'gamma': 1e-05}",0.020072221755981445,10,0,-0.009414343995033159,0.10267452374328713,pca0,"['CO', 'NO', 'NO2', 'NOX', 'O3']",['CO']
8019057,imputated,753,189,SVM,"{'C': 21, 'gamma': 1e-09}",0.014006853103637695,11,0,-0.034696020997237335,0.1039523593173313,pca0,"['CO', 'NO', 'NO2', 'NOX', 'O3']",['CO']
8019057,imputated,753,189,SVM,"{'C': 21, 'gamma': 1e-08}",0.014012336730957031,12,0,-0.034664302318634155,0.10395076597172888,pca0,"['CO', 'NO', 'NO2', 'NOX', 'O3']",['CO']
8019057,imputated,753,189,SVM,"{'C': 21, 'gamma': 1e-07}",0.015236616134643556,13,0,-0.03503783364208246,0.10396952827190613,pca0,"['CO', 'NO', 'NO2', 'NOX', 'O3']",['CO']
8019057,imputated,753,189,SVM,"{'C': 21, 'gamma': 1e-06}",0.023718833923339844,14,0,-0.029446822408758955,0.1036883395510936,pca0,"['CO', 'NO', 'NO2', 'NOX', 'O3']",['CO']
8019057,imputated,753,189,SVM,"{'C': 21, 'gamma': 1e-05}",0.02139759063720703,15,0,0.009797925114855888,0.10169272315759294,pca0,"['CO', 'NO', 'NO2', 'NOX', 'O3']",['CO']
8019057,imputated,753,189,SVM,"{'C': 31, 'gamma': 1e-09}",0.014375925064086912,16,0,-0.03469434268235605,0.103952275010029,pca0,"['CO', 'NO', 'NO2', 'NOX', 'O3']",['CO']
8019057,imputated,753,189,SVM,"{'C': 31, 'gamma': 1e-08}",0.01427292823791504,17,0,-0.0346475211730457,0.10394992298333716,pca0,"['CO', 'NO', 'NO2', 'NOX', 'O3']",['CO']
8019057,imputated,753,189,SVM,"{'C': 31, 'gamma': 1e-07}",0.015316724777221681,18,0,-0.03475940490530105,0.10395554325103712,pca0,"['CO', 'NO', 'NO2', 'NOX', 'O3']",['CO']
8019057,imputated,753,189,SVM,"{'C': 31, 'gamma': 1e-06}",0.02227044105529785,19,0,-0.02708854271542926,0.10356950567771422,pca0,"['CO', 'NO', 'NO2', 'NOX', 'O3']",['CO']
8019057,imputated,753,189,SVM,"{'C': 31, 'gamma': 1e-05}",0.01968097686767578,20,0,0.02399524734593972,0.10096106599137962,pca0,"['CO', 'NO', 'NO2', 'NOX', 'O3']",['CO']
8019057,imputated,753,189,SVM,"{'C': 41, 'gamma': 1e-09}",0.014238834381103516,21,0,-0.034692664380710836,0.1039521907033232,pca0,"['CO', 'NO', 'NO2', 'NOX', 'O3']",['CO']
8019057,imputated,753,189,SVM,"{'C': 41, 'gamma': 1e-08}",0.014216899871826172,22,0,-0.03463074087820028,0.10394908003084602,pca0,"['CO', 'NO', 'NO2', 'NOX', 'O3']",['CO']
8019057,imputated,753,189,SVM,"{'C': 41, 'gamma': 1e-07}",0.015803098678588867,23,0,-0.034481110297489785,0.1039415630869648,pca0,"['CO', 'NO', 'NO2', 'NOX', 'O3']",['CO']
8019057,imputated,753,189,SVM,"{'C': 41, 'gamma': 1e-06}",0.022525548934936523,24,0,-0.024737732038749405,0.10345091231223542,pca0,"['CO', 'NO', 'NO2', 'NOX', 'O3']",['CO']
8019057,imputated,753,189,SVM,"{'C': 41, 'gamma': 1e-05}",0.019491195678710938,25,0,0.04217150795418567,0.10001654244773832,pca0,"['CO', 'NO', 'NO2', 'NOX', 'O3']",['CO']
8019057,imputated,753,189,SVM,"{'C': 51, 'gamma': 1e-09}",0.014121770858764647,26,0,-0.034690986083400155,0.10395210639676676,pca0,"['CO', 'NO', 'NO2', 'NOX', 'O3']",['CO']
8019057,imputated,753,189,SVM,"{'C': 51, 'gamma': 1e-08}",0.01415896415710449,27,0,-0.03461396142995321,0.10394823711404824,pca0,"['CO', 'NO', 'NO2', 'NOX', 'O3']",['CO']
8019057,imputated,753,189,SVM,"{'C': 51, 'gamma': 1e-07}",0.015100955963134766,28,0,-0.03420294981558203,0.10392758778149506,pca0,"['CO', 'NO', 'NO2', 'NOX', 'O3']",['CO']
8019057,imputated,753,189,SVM,"{'C': 51, 'gamma': 1e-06}",0.02267622947692871,29,0,-0.02239439036718327,0.10333256028215712,pca0,"['CO', 'NO', 'NO2', 'NOX', 'O3']",['CO']
8019057,imputated,753,189,SVM,"{'C': 51, 'gamma': 1e-05}",0.019757747650146484,30,0,0.05723532077921624,0.0992269432464589,pca0,"['CO', 'NO', 'NO2', 'NOX', 'O3']",['CO']
8019057,imputated,753,189,SVM,"{'C': 61, 'gamma': 1e-09}",0.014455556869506838,31,0,-0.0346893077955146,0.10395202209061542,pca0,"['CO', 'NO', 'NO2', 'NOX', 'O3']",['CO']
8019057,imputated,753,189,SVM,"{'C': 61, 'gamma': 1e-08}",0.014261484146118162,32,0,-0.03459718282954705,0.10394739423300704,pca0,"['CO', 'NO', 'NO2', 'NOX', 'O3']",['CO']
8019057,imputated,753,189,SVM,"{'C': 61, 'gamma': 1e-07}",0.01516103744506836,33,0,-0.03392492345576836,0.10391361733639676,pca0,"['CO', 'NO', 'NO2', 'NOX', 'O3']",['CO']
8019057,imputated,753,189,SVM,"{'C': 61, 'gamma': 1e-06}",0.022565126419067383,34,0,-0.020058517709717227,0.10321445041812387,pca0,"['CO', 'NO', 'NO2', 'NOX', 'O3']",['CO']
8019057,imputated,753,189,SVM,"{'C': 61, 'gamma': 1e-05}",0.019718170166015625,35,0,0.07019598291378126,0.09854252138705033,pca0,"['CO', 'NO', 'NO2', 'NOX', 'O3']",['CO']
8019057,imputated,753,189,SVM,"{'C': 71, 'gamma': 1e-09}",0.014225244522094728,36,0,-0.03468762951963922,0.10395193778499903,pca0,"['CO', 'NO', 'NO2', 'NOX', 'O3']",['CO']
8019057,imputated,753,189,SVM,"{'C': 71, 'gamma': 1e-08}",0.014035940170288086,37,0,-0.03458040507530469,0.10394655138763906,pca0,"['CO', 'NO', 'NO2', 'NOX', 'O3']",['CO']
8019057,imputated,753,189,SVM,"{'C': 71, 'gamma': 1e-07}",0.015041589736938475,38,0,-0.033647031222169284,0.1038996517538376,pca0,"['CO', 'NO', 'NO2', 'NOX', 'O3']",['CO']
8019057,imputated,753,189,SVM,"{'C': 71, 'gamma': 1e-06}",0.022402048110961914,39,0,-0.017613048512241214,0.10309065398144968,pca0,"['CO', 'NO', 'NO2', 'NOX', 'O3']",['CO']
8019057,imputated,753,189,SVM,"{'C': 71, 'gamma': 1e-05}",0.018903493881225586,40,0,0.07924856751735254,0.09806164239887084,pca0,"['CO', 'NO', 'NO2', 'NOX', 'O3']",['CO']
8019057,imputated,753,189,SVM,"{'C': 81, 'gamma': 1e-09}",0.014559507369995115,41,0,-0.03468595124505991,0.10395185347937934,pca0,"['CO', 'NO', 'NO2', 'NOX', 'O3']",['CO']
8019057,imputated,753,189,SVM,"{'C': 81, 'gamma': 1e-08}",0.014030933380126951,42,0,-0.03456362817288672,0.10394570857822953,pca0,"['CO', 'NO', 'NO2', 'NOX', 'O3']",['CO']
8019057,imputated,753,189,SVM,"{'C': 81, 'gamma': 1e-07}",0.015002012252807615,43,0,-0.03336927312739113,0.10388569103641224,pca0,"['CO', 'NO', 'NO2', 'NOX', 'O3']",['CO']
8019057,imputated,753,189,SVM,"{'C': 81, 'gamma': 1e-06}",0.02227354049682617,44,0,-0.015235833319662497,0.1029701700902082,pca0,"['CO', 'NO', 'NO2', 'NOX', 'O3']",['CO']
8019057,imputated,753,189,SVM,"{'C': 81, 'gamma': 1e-05}",0.019186019897460938,45,0,0.08910027997201753,0.09753561922601628,pca0,"['CO', 'NO', 'NO2', 'NOX', 'O3']",['CO']
8019057,imputated,753,189,SVM,"{'C': 91, 'gamma': 1e-09}",0.013952970504760742,46,0,-0.034684272979910835,0.10395176917416503,pca0,"['CO', 'NO', 'NO2', 'NOX', 'O3']",['CO']
8019057,imputated,753,189,SVM,"{'C': 91, 'gamma': 1e-08}",0.013993978500366213,47,0,-0.03454685212094488,0.10394486580471153,pca0,"['CO', 'NO', 'NO2', 'NOX', 'O3']",['CO']
8019057,imputated,753,189,SVM,"{'C': 91, 'gamma': 1e-07}",0.015561819076538088,48,0,-0.03309164915173346,0.103871735185092,pca0,"['CO', 'NO', 'NO2', 'NOX', 'O3']",['CO']
8019057,imputated,753,189,SVM,"{'C': 91, 'gamma': 1e-06}",0.022413969039916992,49,0,-0.012855814487822135,0.10284940271103933,pca0,"['CO', 'NO', 'NO2', 'NOX', 'O3']",['CO']
8019057,imputated,753,189,SVM,"{'C': 91, 'gamma': 1e-05}",0.018230438232421875,50,0,0.09679353128804258,0.09712286407221517,pca0,"['CO', 'NO', 'NO2', 'NOX', 'O3']",['CO']
8019057,imputated,753,189,SVM,"{'C': 101, 'gamma': 1e-09}",0.01399087905883789,51,0,-0.034682594727886366,0.1039516848695416,pca0,"['CO', 'NO', 'NO2', 'NOX', 'O3']",['CO']
8019057,imputated,753,189,SVM,"{'C': 101, 'gamma': 1e-08}",0.013915777206420898,52,0,-0.03453007690533516,0.10394402306637553,pca0,"['CO', 'NO', 'NO2', 'NOX', 'O3']",['CO']
8019057,imputated,753,189,SVM,"{'C': 101, 'gamma': 1e-07}",0.014963626861572266,53,0,-0.03281415931299048,0.10385778420273324,pca0,"['CO', 'NO', 'NO2', 'NOX', 'O3']",['CO']
8019057,imputated,753,189,SVM,"{'C': 101, 'gamma': 1e-06}",0.0222928524017334,54,0,-0.01039534361848582,0.10272440375923048,pca0,"['CO', 'NO', 'NO2', 'NOX', 'O3']",['CO']
8019057,imputated,753,189,SVM,"{'C': 101, 'gamma': 1e-05}",0.01855754852294922,55,0,0.1037541552818768,0.0967478981706575,pca0,"['CO', 'NO', 'NO2', 'NOX', 'O3']",['CO']
8019057,imputated,753,189,SVM,"{'C': 111, 'gamma': 1e-09}",0.013965368270874023,56,0,-0.03468091649538318,0.10395160056583046,pca0,"['CO', 'NO', 'NO2', 'NOX', 'O3']",['CO']
8019057,imputated,753,189,SVM,"{'C': 111, 'gamma': 1e-08}",0.01428985595703125,57,0,-0.034513302543642155,0.10394318036410563,pca0,"['CO', 'NO', 'NO2', 'NOX', 'O3']",['CO']
8019057,imputated,753,189,SVM,"{'C': 111, 'gamma': 1e-07}",0.015000343322753906,58,0,-0.03253680358895261,0.10384383809018144,pca0,"['CO', 'NO', 'NO2', 'NOX', 'O3']",['CO']
8019057,imputated,753,189,SVM,"{'C': 111, 'gamma': 1e-06}",0.022263050079345703,59,0,-0.007817893934358056,0.10259329861836301,pca0,"['CO', 'NO', 'NO2', 'NOX', 'O3']",['CO']
8019057,imputated,753,189,SVM,"{'C': 111, 'gamma': 1e-05}",0.018129587173461914,60,0,0.11210987200125644,0.09629585086604854,pca0,"['CO', 'NO', 'NO2', 'NOX', 'O3']",['CO']
8019057,imputated,753,189,SVM,"{'C': 121, 'gamma': 1e-09}",0.01401519775390625,61,0,-0.03467923825274233,0.1039515162615417,pca0,"['CO', 'NO', 'NO2', 'NOX', 'O3']",['CO']
8019057,imputated,753,189,SVM,"{'C': 121, 'gamma': 1e-08}",0.014017343521118164,62,0,-0.034496529036453394,0.10394233769793236,pca0,"['CO', 'NO', 'NO2', 'NOX', 'O3']",['CO']
8019057,imputated,753,189,SVM,"{'C': 121, 'gamma': 1e-07}",0.015501976013183594,63,0,-0.03225958200424639,0.10382989685063744,pca0,"['CO', 'NO', 'NO2', 'NOX', 'O3']",['CO']
8019057,imputated,753,189,SVM,"{'C': 121, 'gamma': 1e-06}",0.0223846435546875,64,0,-0.005986439317753112,0.10250003751881076,pca0,"['CO', 'NO', 'NO2', 'NOX', 'O3']",['CO']
8019057,imputated,753,189,SVM,"{'C': 121, 'gamma': 1e-05}",0.019627809524536133,65,0,0.11665352025076005,0.09604914485648564,pca0,"['CO', 'NO', 'NO2', 'NOX', 'O3']",['CO']
8019057,imputated,753,189,SVM,"{'C': 131, 'gamma': 1e-09}",0.014346599578857422,66,0,-0.03467756001550604,0.10395143195745604,pca0,"['CO', 'NO', 'NO2', 'NOX', 'O3']",['CO']
8019057,imputated,753,189,SVM,"{'C': 131, 'gamma': 1e-08}",0.014004230499267578,67,0,-0.03447975636653289,0.1039414950669906,pca0,"['CO', 'NO', 'NO2', 'NOX', 'O3']",['CO']
8019057,imputated,753,189,SVM,"{'C': 131, 'gamma': 1e-07}",0.015137672424316406,68,0,-0.03198249453736013,0.1038159604849824,pca0,"['CO', 'NO', 'NO2', 'NOX', 'O3']",['CO']
8019057,imputated,753,189,SVM,"{'C': 131, 'gamma': 1e-06}",0.02246713638305664,69,0,-0.0044824472827957864,0.10242338792692024,pca0,"['CO', 'NO', 'NO2', 'NOX', 'O3']",['CO']
8019057,imputated,753,189,SVM,"{'C': 131, 'gamma': 1e-05}",0.01817917823791504,70,0,0.1259765271895965,0.0955409398978714,pca0,"['CO', 'NO', 'NO2', 'NOX', 'O3']",['CO']
8019057,imputated,753,189,SVM,"{'C': 141, 'gamma': 1e-09}",0.01405930519104004,71,0,-0.03467588179574643,0.10395134765417996,pca0,"['CO', 'NO', 'NO2', 'NOX', 'O3']",['CO']
8019057,imputated,753,189,SVM,"{'C': 141, 'gamma': 1e-08}",0.014147281646728516,72,0,-0.034462984551101306,0.10394065247214636,pca0,"['CO', 'NO', 'NO2', 'NOX', 'O3']",['CO']
8019057,imputated,753,189,SVM,"{'C': 141, 'gamma': 1e-07}",0.015094280242919922,73,0,-0.0317055411907583,0.10380202899530336,pca0,"['CO', 'NO', 'NO2', 'NOX', 'O3']",['CO']
8019057,imputated,753,189,SVM,"{'C': 141, 'gamma': 1e-06}",0.02320098876953125,74,0,-0.00262694450274914,0.10232874479693592,pca0,"['CO', 'NO', 'NO2', 'NOX', 'O3']",['CO']
8019057,imputated,753,189,SVM,"{'C': 141, 'gamma': 1e-05}",0.018064498901367188,75,0,0.1302195382719843,0.09530875251301962,pca0,"['CO', 'NO', 'NO2', 'NOX', 'O3']",['CO']
8019057,imputated,753,189,SVM,"{'C': 151, 'gamma': 1e-09}",0.014006853103637695,76,0,-0.034674203592613966,0.10395126335167072,pca0,"['CO', 'NO', 'NO2', 'NOX', 'O3']",['CO']
8019057,imputated,753,189,SVM,"{'C': 151, 'gamma': 1e-08}",0.014256238937377931,77,0,-0.03444621358150557,0.10393980991296584,pca0,"['CO', 'NO', 'NO2', 'NOX', 'O3']",['CO']
8019057,imputated,753,189,SVM,"{'C': 151, 'gamma': 1e-07}",0.01497817039489746,78,0,-0.031428721968842284,0.10378810238378533,pca0,"['CO', 'NO', 'NO2', 'NOX', 'O3']",['CO']
8019057,imputated,753,189,SVM,"{'C': 151, 'gamma': 1e-06}",0.022446393966674805,79,0,-0.0010377097803160318,0.1022476134807826,pca0,"['CO', 'NO', 'NO2', 'NOX', 'O3']",['CO']
8019057,imputated,753,189,SVM,"{'C': 151, 'gamma': 1e-05}",0.017565488815307617,80,0,0.13658969313482938,0.09495909690286146,pca0,"['CO', 'NO', 'NO2', 'NOX', 'O3']",['CO']
8019057,imputated,753,189,SVM,"{'C': 161, 'gamma': 1e-09}",0.013941049575805664,81,0,-0.03467252539061172,0.1039511790491499,pca0,"['CO', 'NO', 'NO2', 'NOX', 'O3']",['CO']
8019057,imputated,753,189,SVM,"{'C': 161, 'gamma': 1e-08}",0.013939857482910156,82,0,-0.034429443458397165,0.1039389673894826,pca0,"['CO', 'NO', 'NO2', 'NOX', 'O3']",['CO']
8019057,imputated,753,189,SVM,"{'C': 161, 'gamma': 1e-07}",0.015772342681884766,83,0,-0.031152036896326733,0.10377418065363578,pca0,"['CO', 'NO', 'NO2', 'NOX', 'O3']",['CO']
8019057,imputated,753,189,SVM,"{'C': 161, 'gamma': 1e-06}",0.022298812866210938,84,0,0.0008414176459107247,0.10215159984150628,pca0,"['CO', 'NO', 'NO2', 'NOX', 'O3']",['CO']
8019057,imputated,753,189,SVM,"{'C': 161, 'gamma': 1e-05}",0.017739057540893555,85,0,0.14405741828480026,0.09454754956299816,pca0,"['CO', 'NO', 'NO2', 'NOX', 'O3']",['CO']
8019057,imputated,753,189,SVM,"{'C': 171, 'gamma': 1e-09}",0.01391887664794922,86,0,-0.03467084719571223,0.10395109474691752,pca0,"['CO', 'NO', 'NO2', 'NOX', 'O3']",['CO']
8019057,imputated,753,189,SVM,"{'C': 171, 'gamma': 1e-08}",0.01418137550354004,87,0,-0.034412674193192716,0.1039381249022711,pca0,"['CO', 'NO', 'NO2', 'NOX', 'O3']",['CO']
8019057,imputated,753,189,SVM,"{'C': 171, 'gamma': 1e-07}",0.01499056816101074,88,0,-0.030875485936353364,0.10376026380496474,pca0,"['CO', 'NO', 'NO2', 'NOX', 'O3']",['CO']
8019057,imputated,753,189,SVM,"{'C': 171, 'gamma': 1e-06}",0.02244710922241211,89,0,0.0029984055819762823,0.10204127760759077,pca0,"['CO', 'NO', 'NO2', 'NOX', 'O3']",['CO']
8019057,imputated,753,189,SVM,"{'C': 171, 'gamma': 1e-05}",0.01732325553894043,90,0,0.14815513295113558,0.09432096095143301,pca0,"['CO', 'NO', 'NO2', 'NOX', 'O3']",['CO']
8019057,imputated,753,189,SVM,"{'C': 181, 'gamma': 1e-09}",0.013957023620605469,91,0,-0.03466916900987371,0.10395101044507192,pca0,"['CO', 'NO', 'NO2', 'NOX', 'O3']",['CO']
8019057,imputated,753,189,SVM,"{'C': 181, 'gamma': 1e-08}",0.015927553176879883,92,0,-0.03439590575658813,0.10393728244985996,pca0,"['CO', 'NO', 'NO2', 'NOX', 'O3']",['CO']
8019057,imputated,753,189,SVM,"{'C': 181, 'gamma': 1e-07}",0.018355131149291992,93,0,-0.03059906910723087,0.10374635184065817,pca0,"['CO', 'NO', 'NO2', 'NOX', 'O3']",['CO']
8019057,imputated,753,189,SVM,"{'C': 181, 'gamma': 1e-06}",0.025715351104736328,94,0,0.005109357665168624,0.10193319433697397,pca0,"['CO', 'NO', 'NO2', 'NOX', 'O3']",['CO']
8019057,imputated,753,189,SVM,"{'C': 181, 'gamma': 1e-05}",0.017470836639404297,95,0,0.15405679655879878,0.09399366070775532,pca0,"['CO', 'NO', 'NO2', 'NOX', 'O3']",['CO']
8019057,imputated,753,189,SVM,"{'C': 191, 'gamma': 1e-09}",0.013961076736450195,96,0,-0.034667490834482166,0.1039509261436828,pca0,"['CO', 'NO', 'NO2', 'NOX', 'O3']",['CO']
8019057,imputated,753,189,SVM,"{'C': 191, 'gamma': 1e-08}",0.014083623886108397,97,0,-0.034379138177559554,0.1039364400337058,pca0,"['CO', 'NO', 'NO2', 'NOX', 'O3']",['CO']
8019057,imputated,753,189,SVM,"{'C': 191, 'gamma': 1e-07}",0.01524972915649414,98,0,-0.030322786397978474,0.1037324447621284,pca0,"['CO', 'NO', 'NO2', 'NOX', 'O3']",['CO']
8019057,imputated,753,189,SVM,"{'C': 191, 'gamma': 1e-06}",0.02221775054931641,99,0,0.0071280373197257765,0.1018297282166008,pca0,"['CO', 'NO', 'NO2', 'NOX', 'O3']",['CO']
8019057,imputated,753,189,SVM,"{'C': 191, 'gamma': 1e-05}",0.017577648162841797,100,0,0.16087649215579616,0.09361402217168592,pca0,"['CO', 'NO', 'NO2', 'NOX', 'O3']",['CO']
8019057,imputated,753,189,SVM,"{'C': 201, 'gamma': 1e-09}",0.014017581939697266,101,0,-0.03466581267830149,0.10395084184319027,pca0,"['CO', 'NO', 'NO2', 'NOX', 'O3']",['CO']
8019057,imputated,753,189,SVM,"{'C': 201, 'gamma': 1e-08}",0.014070510864257812,102,0,-0.03436237145207155,0.10393559765360677,pca0,"['CO', 'NO', 'NO2', 'NOX', 'O3']",['CO']
8019057,imputated,753,189,SVM,"{'C': 201, 'gamma': 1e-07}",0.01503896713256836,103,0,-0.03004663784160488,0.10371854257300267,pca0,"['CO', 'NO', 'NO2', 'NOX', 'O3']",['CO']
8019057,imputated,753,189,SVM,"{'C': 201, 'gamma': 1e-06}",0.022134780883789062,104,0,0.008533619154780014,0.10175762390083956,pca0,"['CO', 'NO', 'NO2', 'NOX', 'O3']",['CO']
8019057,imputated,753,189,SVM,"{'C': 201, 'gamma': 1e-05}",0.01702713966369629,105,0,0.16608923345233084,0.09332279811991268,pca0,"['CO', 'NO', 'NO2', 'NOX', 'O3']",['CO']
8019057,imputated,753,189,SVM,"{'C': 211, 'gamma': 1e-09}",0.013969182968139648,106,0,-0.034664134486886544,0.10395075754085947,pca0,"['CO', 'NO', 'NO2', 'NOX', 'O3']",['CO']
8019057,imputated,753,189,SVM,"{'C': 211, 'gamma': 1e-08}",0.013911247253417969,107,0,-0.03434560559152877,0.10393475531013677,pca0,"['CO', 'NO', 'NO2', 'NOX', 'O3']",['CO']
8019057,imputated,753,189,SVM,"{'C': 211, 'gamma': 1e-07}",0.014913320541381838,108,0,-0.029770623397294527,0.10370464527319218,pca0,"['CO', 'NO', 'NO2', 'NOX', 'O3']",['CO']
8019057,imputated,753,189,SVM,"{'C': 211, 'gamma': 1e-06}",0.022922754287719727,109,0,0.00994415047439978,0.10168521428407766,pca0,"['CO', 'NO', 'NO2', 'NOX', 'O3']",['CO']
8019057,imputated,753,189,SVM,"{'C': 211, 'gamma': 1e-05}",0.017327070236206055,110,0,0.16813444619420806,0.09320828817958646,pca0,"['CO', 'NO', 'NO2', 'NOX', 'O3']",['CO']
8019057,imputated,753,189,SVM,"{'C': 221, 'gamma': 1e-09}",0.013944864273071287,111,0,-0.03466245634210008,0.10395067324080264,pca0,"['CO', 'NO', 'NO2', 'NOX', 'O3']",['CO']
8019057,imputated,753,189,SVM,"{'C': 221, 'gamma': 1e-08}",0.01464700698852539,112,0,-0.034328840545692296,0.1039339130007725,pca0,"['CO', 'NO', 'NO2', 'NOX', 'O3']",['CO']
8019057,imputated,753,189,SVM,"{'C': 221, 'gamma': 1e-07}",0.015999317169189453,113,0,-0.029463004456705914,0.10368915449535758,pca0,"['CO', 'NO', 'NO2', 'NOX', 'O3']",['CO']
8019057,imputated,753,189,SVM,"{'C': 221, 'gamma': 1e-06}",0.02214336395263672,114,0,0.012086159058460666,0.10157515557462234,pca0,"['CO', 'NO', 'NO2', 'NOX', 'O3']",['CO']
8019057,imputated,753,189,SVM,"{'C': 221, 'gamma': 1e-05}",0.01759481430053711,115,0,0.16901008394999362,0.09315921884310598,pca0,"['CO', 'NO', 'NO2', 'NOX', 'O3']",['CO']
8019057,imputated,753,189,SVM,"{'C': 231, 'gamma': 1e-09}",0.013996601104736328,116,0,-0.03466077819308788,0.10395058894046516,pca0,"['CO', 'NO', 'NO2', 'NOX', 'O3']",['CO']
8019057,imputated,753,189,SVM,"{'C': 231, 'gamma': 1e-08}",0.01403951644897461,117,0,-0.03431207636973066,0.10393307072828667,pca0,"['CO', 'NO', 'NO2', 'NOX', 'O3']",['CO']
8019057,imputated,753,189,SVM,"{'C': 231, 'gamma': 1e-07}",0.015680789947509766,118,0,-0.029148432350139638,0.10367331118300792,pca0,"['CO', 'NO', 'NO2', 'NOX', 'O3']",['CO']
8019057,imputated,753,189,SVM,"{'C': 231, 'gamma': 1e-06}",0.022171974182128903,119,0,0.014073493595390564,0.10147293743205356,pca0,"['CO', 'NO', 'NO2', 'NOX', 'O3']",['CO']
8019057,imputated,753,189,SVM,"{'C': 231, 'gamma': 1e-05}",0.01677727699279785,120,0,0.17512965917372605,0.09281556347013777,pca0,"['CO', 'NO', 'NO2', 'NOX', 'O3']",['CO']
8019057,imputated,753,189,SVM,"{'C': 241, 'gamma': 1e-09}",0.013886690139770508,121,0,-0.03465910007179485,0.10395050464145178,pca0,"['CO', 'NO', 'NO2', 'NOX', 'O3']",['CO']
8019057,imputated,753,189,SVM,"{'C': 241, 'gamma': 1e-08}",0.01388096809387207,122,0,-0.03429531303143785,0.103932228491062,pca0,"['CO', 'NO', 'NO2', 'NOX', 'O3']",['CO']
8019057,imputated,753,189,SVM,"{'C': 241, 'gamma': 1e-07}",0.015077829360961912,123,0,-0.0288340984395985,0.10365747744852792,pca0,"['CO', 'NO', 'NO2', 'NOX', 'O3']",['CO']
8019057,imputated,753,189,SVM,"{'C': 241, 'gamma': 1e-06}",0.022065401077270508,124,0,0.014757284839448713,0.1014377429526866,pca0,"['CO', 'NO', 'NO2', 'NOX', 'O3']",['CO']
8019057,imputated,753,189,SVM,"{'C': 241, 'gamma': 1e-05}",0.01679849624633789,125,0,0.1821272140787198,0.09242103765032836,pca0,"['CO', 'NO', 'NO2', 'NOX', 'O3']",['CO']
8019057,imputated,753,189,SVM,"{'C': 251, 'gamma': 1e-09}",0.014020681381225586,126,0,-0.03465742194616217,0.10395042034215203,pca0,"['CO', 'NO', 'NO2', 'NOX', 'O3']",['CO']
8019057,imputated,753,189,SVM,"{'C': 251, 'gamma': 1e-08}",0.014680624008178713,127,0,-0.03427855052724138,0.1039313862889199,pca0,"['CO', 'NO', 'NO2', 'NOX', 'O3']",['CO']
8019057,imputated,753,189,SVM,"{'C': 251, 'gamma': 1e-07}",0.01500868797302246,128,0,-0.028520002706179163,0.1036416532953548,pca0,"['CO', 'NO', 'NO2', 'NOX', 'O3']",['CO']
8019057,imputated,753,189,SVM,"{'C': 251, 'gamma': 1e-06}",0.022064685821533203,129,0,0.015282541264965753,0.1014106999069806,pca0,"['CO', 'NO', 'NO2', 'NOX', 'O3']",['CO']
8019057,imputated,753,189,SVM,"{'C': 251, 'gamma': 1e-05}",0.01679396629333496,130,0,0.1863045616064024,0.09218471175929636,pca0,"['CO', 'NO', 'NO2', 'NOX', 'O3']",['CO']
8019057,imputated,753,189,SVM,"{'C': 261, 'gamma': 1e-09}",0.014075756072998047,131,0,-0.03465574384069558,0.10395033604379693,pca0,"['CO', 'NO', 'NO2', 'NOX', 'O3']",['CO']
8019057,imputated,753,189,SVM,"{'C': 261, 'gamma': 1e-08}",0.014064788818359377,132,0,-0.03426178890568488,0.10393054412430022,pca0,"['CO', 'NO', 'NO2', 'NOX', 'O3']",['CO']
8019057,imputated,753,189,SVM,"{'C': 261, 'gamma': 1e-07}",0.014960289001464844,133,0,-0.0282061452068616,0.10362583873074926,pca0,"['CO', 'NO', 'NO2', 'NOX', 'O3']",['CO']
8019057,imputated,753,189,SVM,"{'C': 261, 'gamma': 1e-06}",0.021909236907958984,134,0,0.016546477121256897,0.10134559606692148,pca0,"['CO', 'NO', 'NO2', 'NOX', 'O3']",['CO']
8019057,imputated,753,189,SVM,"{'C': 261, 'gamma': 1e-05}",0.018001079559326172,135,0,0.19080004236160095,0.09192970936686416,pca0,"['CO', 'NO', 'NO2', 'NOX', 'O3']",['CO']
8019057,imputated,753,189,SVM,"{'C': 271, 'gamma': 1e-09}",0.015003204345703125,136,0,-0.03465406570306828,0.10395025174375792,pca0,"['CO', 'NO', 'NO2', 'NOX', 'O3']",['CO']
8019057,imputated,753,189,SVM,"{'C': 271, 'gamma': 1e-08}",0.014109611511230469,137,0,-0.03424502810827579,0.10392970199426496,pca0,"['CO', 'NO', 'NO2', 'NOX', 'O3']",['CO']
8019057,imputated,753,189,SVM,"{'C': 271, 'gamma': 1e-07}",0.01491427421569824,138,0,-0.027892525819948943,0.1036100337529686,pca0,"['CO', 'NO', 'NO2', 'NOX', 'O3']",['CO']
8019057,imputated,753,189,SVM,"{'C': 271, 'gamma': 1e-06}",0.021888017654418945,139,0,0.017518344656587637,0.10129550786386267,pca0,"['CO', 'NO', 'NO2', 'NOX', 'O3']",['CO']
8019057,imputated,753,189,SVM,"{'C': 271, 'gamma': 1e-05}",0.016467571258544922,140,0,0.1933445073548156,0.09178506273671626,pca0,"['CO', 'NO', 'NO2', 'NOX', 'O3']",['CO']
8019057,imputated,753,189,SVM,"{'C': 281, 'gamma': 1e-09}",0.013956308364868164,141,0,-0.034652387617467806,0.10395016744626404,pca0,"['CO', 'NO', 'NO2', 'NOX', 'O3']",['CO']
8019057,imputated,753,189,SVM,"{'C': 281, 'gamma': 1e-08}",0.01398324966430664,142,0,-0.03422826816802593,0.1039288599004736,pca0,"['CO', 'NO', 'NO2', 'NOX', 'O3']",['CO']
8019057,imputated,753,189,SVM,"{'C': 281, 'gamma': 1e-07}",0.014984846115112303,143,0,-0.02757914466298006,0.10359423837232536,pca0,"['CO', 'NO', 'NO2', 'NOX', 'O3']",['CO']
8019057,imputated,753,189,SVM,"{'C': 281, 'gamma': 1e-06}",0.02174544334411621,144,0,0.0181653953598373,0.10126214636367614,pca0,"['CO', 'NO', 'NO2', 'NOX', 'O3']",['CO']
8019057,imputated,753,189,SVM,"{'C': 281, 'gamma': 1e-05}",0.01692366600036621,145,0,0.1966360729187732,0.09159760639445068,pca0,"['CO', 'NO', 'NO2', 'NOX', 'O3']",['CO']
8019057,imputated,753,189,SVM,"{'C': 291, 'gamma': 1e-09}",0.014054298400878906,146,0,-0.034650709535558155,0.10395008314888723,pca0,"['CO', 'NO', 'NO2', 'NOX', 'O3']",['CO']
8019057,imputated,753,189,SVM,"{'C': 291, 'gamma': 1e-08}",0.013955116271972656,147,0,-0.034211509059321576,0.1039280178416401,pca0,"['CO', 'NO', 'NO2', 'NOX', 'O3']",['CO']
8019057,imputated,753,189,SVM,"{'C': 291, 'gamma': 1e-07}",0.015060186386108397,148,0,-0.02726600164436444,0.1035784525885927,pca0,"['CO', 'NO', 'NO2', 'NOX', 'O3']",['CO']
8019057,imputated,753,189,SVM,"{'C': 291, 'gamma': 1e-06}",0.021781206130981445,149,0,0.020298383846208856,0.10115209298718196,pca0,"['CO', 'NO', 'NO2', 'NOX', 'O3']",['CO']
8019057,imputated,753,189,SVM,"{'C': 291, 'gamma': 1e-05}",0.01673293113708496,150,0,0.20057242605773185,0.0913729241125935,pca0,"['CO', 'NO', 'NO2', 'NOX', 'O3']",['CO']
8019057,imputated,753,189,SVM,"{'C': 301, 'gamma': 1e-09}",0.014081954956054688,151,0,-0.034649031448422685,0.10394999885117956,pca0,"['CO', 'NO', 'NO2', 'NOX', 'O3']",['CO']
8019057,imputated,753,189,SVM,"{'C': 301, 'gamma': 1e-08}",0.01419973373413086,152,0,-0.0341947508239524,0.10392717581986503,pca0,"['CO', 'NO', 'NO2', 'NOX', 'O3']",['CO']
8019057,imputated,753,189,SVM,"{'C': 301, 'gamma': 1e-07}",0.01508951187133789,153,0,-0.02695309687492542,0.10356267641174707,pca0,"['CO', 'NO', 'NO2', 'NOX', 'O3']",['CO']
8019057,imputated,753,189,SVM,"{'C': 301, 'gamma': 1e-06}",0.02237534523010254,154,0,0.02242258411420106,0.10104237391825632,pca0,"['CO', 'NO', 'NO2', 'NOX', 'O3']",['CO']
8019057,imputated,753,189,SVM,"{'C': 301, 'gamma': 1e-05}",0.01803159713745117,155,0,0.20477600929955,0.0911323770335172,pca0,"['CO', 'NO', 'NO2', 'NOX', 'O3']",['CO']
8019057,imputated,753,189,SVM,"{'C': 311, 'gamma': 1e-09}",0.014127731323242188,156,0,-0.03464735335633784,0.10394991455315486,pca0,"['CO', 'NO', 'NO2', 'NOX', 'O3']",['CO']
8019057,imputated,753,189,SVM,"{'C': 311, 'gamma': 1e-08}",0.014013051986694336,157,0,-0.03417799339008387,0.10392633383153993,pca0,"['CO', 'NO', 'NO2', 'NOX', 'O3']",['CO']
8019057,imputated,753,189,SVM,"{'C': 311, 'gamma': 1e-07}",0.015372753143310547,158,0,-0.026640430232258042,0.10354690984000664,pca0,"['CO', 'NO', 'NO2', 'NOX', 'O3']",['CO']
8019057,imputated,753,189,SVM,"{'C': 311, 'gamma': 1e-06}",0.021821260452270508,159,0,0.024537996158286446,0.10093299024741093,pca0,"['CO', 'NO', 'NO2', 'NOX', 'O3']",['CO']
8019057,imputated,753,189,SVM,"{'C': 311, 'gamma': 1e-05}",0.016720294952392578,160,0,0.20707975481201835,0.09100027709906464,pca0,"['CO', 'NO', 'NO2', 'NOX', 'O3']",['CO']
8019057,imputated,753,189,SVM,"{'C': 321, 'gamma': 1e-09}",0.01438260078430176,161,0,-0.03464567532145168,0.10394983025793518,pca0,"['CO', 'NO', 'NO2', 'NOX', 'O3']",['CO']
8019057,imputated,753,189,SVM,"{'C': 321, 'gamma': 1e-08}",0.014194488525390625,162,0,-0.03416123684978612,0.10392549188129173,pca0,"['CO', 'NO', 'NO2', 'NOX', 'O3']",['CO']
8019057,imputated,753,189,SVM,"{'C': 321, 'gamma': 1e-07}",0.015658855438232422,163,0,-0.026328001781929844,0.10353115288106672,pca0,"['CO', 'NO', 'NO2', 'NOX', 'O3']",['CO']
8019057,imputated,753,189,SVM,"{'C': 321, 'gamma': 1e-06}",0.022002458572387692,164,0,0.026644619971323724,0.10082394306663356,pca0,"['CO', 'NO', 'NO2', 'NOX', 'O3']",['CO']
8019057,imputated,753,189,SVM,"{'C': 321, 'gamma': 1e-05}",0.016450166702270508,165,0,0.2125591313764459,0.09068530898247006,pca0,"['CO', 'NO', 'NO2', 'NOX', 'O3']",['CO']
8019057,imputated,753,189,SVM,"{'C': 331, 'gamma': 1e-09}",0.014003753662109377,166,0,-0.034643997265910935,0.10394974596160957,pca0,"['CO', 'NO', 'NO2', 'NOX', 'O3']",['CO']
8019057,imputated,753,189,SVM,"{'C': 331, 'gamma': 1e-08}",0.013974905014038086,167,0,-0.03414448115077051,0.10392464996649407,pca0,"['CO', 'NO', 'NO2', 'NOX', 'O3']",['CO']
8019057,imputated,753,189,SVM,"{'C': 331, 'gamma': 1e-07}",0.01513814926147461,168,0,-0.02601581154147992,0.1035154055402018,pca0,"['CO', 'NO', 'NO2', 'NOX', 'O3']",['CO']
8019057,imputated,753,189,SVM,"{'C': 331, 'gamma': 1e-06}",0.021654367446899414,169,0,0.027138254276761864,0.10079837354254358,pca0,"['CO', 'NO', 'NO2', 'NOX', 'O3']",['CO']
8019057,imputated,753,189,SVM,"{'C': 331, 'gamma': 1e-05}",0.016356229782104492,170,0,0.2135506827001875,0.09062819519524312,pca0,"['CO', 'NO', 'NO2', 'NOX', 'O3']",['CO']
8019057,imputated,753,189,SVM,"{'C': 341, 'gamma': 1e-09}",0.014060020446777344,171,0,-0.034642319167811575,0.10394966166307767,pca0,"['CO', 'NO', 'NO2', 'NOX', 'O3']",['CO']
8019057,imputated,753,189,SVM,"{'C': 341, 'gamma': 1e-08}",0.014662742614746094,172,0,-0.03412772631158312,0.10392380808807973,pca0,"['CO', 'NO', 'NO2', 'NOX', 'O3']",['CO']
8019057,imputated,753,189,SVM,"{'C': 341, 'gamma': 1e-07}",0.014925479888916016,173,0,-0.025746591504059783,0.10350182375650037,pca0,"['CO', 'NO', 'NO2', 'NOX', 'O3']",['CO']
8019057,imputated,753,189,SVM,"{'C': 341, 'gamma': 1e-06}",0.0215761661529541,174,0,0.02917076519665729,0.10069302408609357,pca0,"['CO', 'NO', 'NO2', 'NOX', 'O3']",['CO']
8019057,imputated,753,189,SVM,"{'C': 341, 'gamma': 1e-05}",0.01634383201599121,175,0,0.21931288650601466,0.09029557477687283,pca0,"['CO', 'NO', 'NO2', 'NOX', 'O3']",['CO']
8019057,imputated,753,189,SVM,"{'C': 351, 'gamma': 1e-09}",0.01653766632080078,176,0,-0.034640641144918716,0.1039495773682554,pca0,"['CO', 'NO', 'NO2', 'NOX', 'O3']",['CO']
8019057,imputated,753,189,SVM,"{'C': 351, 'gamma': 1e-08}",0.014118194580078125,177,0,-0.034110972291546686,0.1039229662440056,pca0,"['CO', 'NO', 'NO2', 'NOX', 'O3']",['CO']
8019057,imputated,753,189,SVM,"{'C': 351, 'gamma': 1e-07}",0.014971494674682615,178,0,-0.025493821216751037,0.103489070217849,pca0,"['CO', 'NO', 'NO2', 'NOX', 'O3']",['CO']
8019057,imputated,753,189,SVM,"{'C': 351, 'gamma': 1e-06}",0.02155590057373047,179,0,0.031212995219079612,0.10058705973747788,pca0,"['CO', 'NO', 'NO2', 'NOX', 'O3']",['CO']
8019057,imputated,753,189,SVM,"{'C': 351, 'gamma': 1e-05}",0.016414880752563477,180,0,0.22314037342368895,0.09007395604857064,pca0,"['CO', 'NO', 'NO2', 'NOX', 'O3']",['CO']
8019057,imputated,753,189,SVM,"{'C': 361, 'gamma': 1e-09}",0.014421224594116213,181,0,-0.03463896309134351,0.10394949307182344,pca0,"['CO', 'NO', 'NO2', 'NOX', 'O3']",['CO']
8019057,imputated,753,189,SVM,"{'C': 361, 'gamma': 1e-08}",0.013946294784545898,182,0,-0.034094219114080504,0.1039221244354493,pca0,"['CO', 'NO', 'NO2', 'NOX', 'O3']",['CO']
8019057,imputated,753,189,SVM,"{'C': 361, 'gamma': 1e-07}",0.01503109931945801,183,0,-0.025241146912148068,0.10347631995102173,pca0,"['CO', 'NO', 'NO2', 'NOX', 'O3']",['CO']
8019057,imputated,753,189,SVM,"{'C': 361, 'gamma': 1e-06}",0.021987438201904297,184,0,0.03285597754134628,0.10050172989378844,pca0,"['CO', 'NO', 'NO2', 'NOX', 'O3']",['CO']
8019057,imputated,753,189,SVM,"{'C': 361, 'gamma': 1e-05}",0.01665210723876953,185,0,0.22455381657773946,0.08999197703194843,pca0,"['CO', 'NO', 'NO2', 'NOX', 'O3']",['CO']
8019057,imputated,753,189,SVM,"{'C': 371, 'gamma': 1e-09}",0.013912200927734377,186,0,-0.034637285121167594,0.10394940877951266,pca0,"['CO', 'NO', 'NO2', 'NOX', 'O3']",['CO']
8019057,imputated,753,189,SVM,"{'C': 371, 'gamma': 1e-08}",0.013974428176879885,187,0,-0.03407746679752744,0.10392128266333343,pca0,"['CO', 'NO', 'NO2', 'NOX', 'O3']",['CO']
8019057,imputated,753,189,SVM,"{'C': 371, 'gamma': 1e-07}",0.015077352523803713,188,0,-0.024988568659551458,0.10346357296072582,pca0,"['CO', 'NO', 'NO2', 'NOX', 'O3']",['CO']
8019057,imputated,753,189,SVM,"{'C': 371, 'gamma': 1e-06}",0.021591901779174805,189,0,0.03527291506933161,0.1003760721089572,pca0,"['CO', 'NO', 'NO2', 'NOX', 'O3']",['CO']
8019057,imputated,753,189,SVM,"{'C': 371, 'gamma': 1e-05}",0.016995668411254883,190,0,0.22651276073299,0.08987823559062358,pca0,"['CO', 'NO', 'NO2', 'NOX', 'O3']",['CO']
8019057,imputated,753,189,SVM,"{'C': 381, 'gamma': 1e-09}",0.014119863510131838,191,0,-0.03463560707001356,0.10394932448306562,pca0,"['CO', 'NO', 'NO2', 'NOX', 'O3']",['CO']
8019057,imputated,753,189,SVM,"{'C': 381, 'gamma': 1e-08}",0.01392531394958496,192,0,-0.03406071537743882,0.10392044092944523,pca0,"['CO', 'NO', 'NO2', 'NOX', 'O3']",['CO']
8019057,imputated,753,189,SVM,"{'C': 381, 'gamma': 1e-07}",0.015125751495361328,193,0,-0.02473608641309566,0.10345082924585733,pca0,"['CO', 'NO', 'NO2', 'NOX', 'O3']",['CO']
8019057,imputated,753,189,SVM,"{'C': 381, 'gamma': 1e-06}",0.021467208862304688,194,0,0.037290604904705586,0.10027105080883064,pca0,"['CO', 'NO', 'NO2', 'NOX', 'O3']",['CO']
8019057,imputated,753,189,SVM,"{'C': 381, 'gamma': 1e-05}",0.016244888305664062,195,0,0.2315758519777545,0.0895835902419799,pca0,"['CO', 'NO', 'NO2', 'NOX', 'O3']",['CO']
8019057,imputated,753,189,SVM,"{'C': 391, 'gamma': 1e-09}",0.014064311981201172,196,0,-0.034633929075639,0.1039492401894025,pca0,"['CO', 'NO', 'NO2', 'NOX', 'O3']",['CO']
8019057,imputated,753,189,SVM,"{'C': 391, 'gamma': 1e-08}",0.013968706130981444,197,0,-0.0340439646686348,0.10391959922448056,pca0,"['CO', 'NO', 'NO2', 'NOX', 'O3']",['CO']
8019057,imputated,753,189,SVM,"{'C': 391, 'gamma': 1e-07}",0.015318155288696287,198,0,-0.02448370016238255,0.10343808880710187,pca0,"['CO', 'NO', 'NO2', 'NOX', 'O3']",['CO']
8019057,imputated,753,189,SVM,"{'C': 391, 'gamma': 1e-06}",0.02236461639404297,199,0,0.03930011460396299,0.10016634584420432,pca0,"['CO', 'NO', 'NO2', 'NOX', 'O3']",['CO']
8019057,imputated,753,189,SVM,"{'C': 391, 'gamma': 1e-05}",0.0162200927734375,200,0,0.2301602427806357,0.08966606878220551,pca0,"['CO', 'NO', 'NO2', 'NOX', 'O3']",['CO']
8019057,imputated,753,189,SVM,"{'C': 401, 'gamma': 1e-09}",0.014003515243530272,201,0,-0.034632251075702,0.10394915589539164,pca0,"['CO', 'NO', 'NO2', 'NOX', 'O3']",['CO']
8019057,imputated,753,189,SVM,"{'C': 401, 'gamma': 1e-08}",0.013962507247924805,202,0,-0.03402721491695093,0.1039187575607932,pca0,"['CO', 'NO', 'NO2', 'NOX', 'O3']",['CO']
8019057,imputated,753,189,SVM,"{'C': 401, 'gamma': 1e-07}",0.01493954658508301,203,0,-0.024231409989963648,0.10342535164983817,pca0,"['CO', 'NO', 'NO2', 'NOX', 'O3']",['CO']
8019057,imputated,753,189,SVM,"{'C': 401, 'gamma': 1e-06}",0.021434545516967773,204,0,0.040848479800439035,0.10008559397364997,pca0,"['CO', 'NO', 'NO2', 'NOX', 'O3']",['CO']
8019057,imputated,753,189,SVM,"{'C': 401, 'gamma': 1e-05}",0.016138553619384766,205,0,0.23507154085697024,0.08937959267163778,pca0,"['CO', 'NO', 'NO2', 'NOX', 'O3']",['CO']
8019057,imputated,753,189,SVM,"{'C': 411, 'gamma': 1e-09}",0.013936042785644531,206,0,-0.03463057308185768,0.10394907160161844,pca0,"['CO', 'NO', 'NO2', 'NOX', 'O3']",['CO']
8019057,imputated,753,189,SVM,"{'C': 411, 'gamma': 1e-08}",0.013901710510253906,207,0,-0.03401046599922841,0.10391791593219543,pca0,"['CO', 'NO', 'NO2', 'NOX', 'O3']",['CO']
8019057,imputated,753,189,SVM,"{'C': 411, 'gamma': 1e-07}",0.015353202819824219,208,0,-0.024056865420181598,0.1034165386499456,pca0,"['CO', 'NO', 'NO2', 'NOX', 'O3']",['CO']
8019057,imputated,753,189,SVM,"{'C': 411, 'gamma': 1e-06}",0.02139163017272949,209,0,0.0428097325141229,0.0999832151603145,pca0,"['CO', 'NO', 'NO2', 'NOX', 'O3']",['CO']
8019057,imputated,753,189,SVM,"{'C': 411, 'gamma': 1e-05}",0.016041278839111328,210,0,0.235946228765468,0.08932847572927556,pca0,"['CO', 'NO', 'NO2', 'NOX', 'O3']",['CO']
8019057,imputated,753,189,SVM,"{'C': 421, 'gamma': 1e-09}",0.014106512069702147,211,0,-0.03462889507707345,0.10394898730722736,pca0,"['CO', 'NO', 'NO2', 'NOX', 'O3']",['CO']
8019057,imputated,753,189,SVM,"{'C': 421, 'gamma': 1e-08}",0.013933420181274414,212,0,-0.0339937179802805,0.10391707434194504,pca0,"['CO', 'NO', 'NO2', 'NOX', 'O3']",['CO']
8019057,imputated,753,189,SVM,"{'C': 421, 'gamma': 1e-07}",0.014926195144653319,213,0,-0.02380663122342308,0.10340390266441243,pca0,"['CO', 'NO', 'NO2', 'NOX', 'O3']",['CO']
8019057,imputated,753,189,SVM,"{'C': 421, 'gamma': 1e-06}",0.021105527877807617,214,0,0.043592680328053864,0.09994231542677216,pca0,"['CO', 'NO', 'NO2', 'NOX', 'O3']",['CO']
8019057,imputated,753,189,SVM,"{'C': 421, 'gamma': 1e-05}",0.016085386276245117,215,0,0.2375880244131928,0.08923244978461936,pca0,"['CO', 'NO', 'NO2', 'NOX', 'O3']",['CO']
8019057,imputated,753,189,SVM,"{'C': 431, 'gamma': 1e-09}",0.013993263244628906,216,0,-0.03462721713202965,0.10394890301576896,pca0,"['CO', 'NO', 'NO2', 'NOX', 'O3']",['CO']
8019057,imputated,753,189,SVM,"{'C': 431, 'gamma': 1e-08}",0.014946460723876953,217,0,-0.033976970711734784,0.10391623278258706,pca0,"['CO', 'NO', 'NO2', 'NOX', 'O3']",['CO']
8019057,imputated,753,189,SVM,"{'C': 431, 'gamma': 1e-07}",0.0152587890625,218,0,-0.023556491876160383,0.1033912699250282,pca0,"['CO', 'NO', 'NO2', 'NOX', 'O3']",['CO']
8019057,imputated,753,189,SVM,"{'C': 431, 'gamma': 1e-06}",0.021147966384887692,219,0,0.04551552513760837,0.09984179849964887,pca0,"['CO', 'NO', 'NO2', 'NOX', 'O3']",['CO']
8019057,imputated,753,189,SVM,"{'C': 431, 'gamma': 1e-05}",0.015901803970336914,220,0,0.2394897762556928,0.08912109009073436,pca0,"['CO', 'NO', 'NO2', 'NOX', 'O3']",['CO']
8019057,imputated,753,189,SVM,"{'C': 441, 'gamma': 1e-09}",0.013891220092773438,221,0,-0.034625539172074886,0.10394881872349317,pca0,"['CO', 'NO', 'NO2', 'NOX', 'O3']",['CO']
8019057,imputated,753,189,SVM,"{'C': 441, 'gamma': 1e-08}",0.014050006866455078,222,0,-0.033960224324243386,0.10391539126068776,pca0,"['CO', 'NO', 'NO2', 'NOX', 'O3']",['CO']
8019057,imputated,753,189,SVM,"{'C': 441, 'gamma': 1e-07}",0.015026569366455078,223,0,-0.023306447332904545,0.10337864043068523,pca0,"['CO', 'NO', 'NO2', 'NOX', 'O3']",['CO']
8019057,imputated,753,189,SVM,"{'C': 441, 'gamma': 1e-06}",0.020989656448364258,224,0,0.0474308186671456,0.0997415756142145,pca0,"['CO', 'NO', 'NO2', 'NOX', 'O3']",['CO']
8019057,imputated,753,189,SVM,"{'C': 441, 'gamma': 1e-05}",0.01597905158996582,225,0,0.2390811104414509,0.08914503181452937,pca0,"['CO', 'NO', 'NO2', 'NOX', 'O3']",['CO']
8019057,imputated,753,189,SVM,"{'C': 451, 'gamma': 1e-09}",0.014468669891357422,226,0,-0.034623861186742884,0.10394873442987418,pca0,"['CO', 'NO', 'NO2', 'NOX', 'O3']",['CO']
8019057,imputated,753,189,SVM,"{'C': 451, 'gamma': 1e-08}",0.013819217681884766,227,0,-0.03394347877271886,0.10391454977398222,pca0,"['CO', 'NO', 'NO2', 'NOX', 'O3']",['CO']
8019057,imputated,753,189,SVM,"{'C': 451, 'gamma': 1e-07}",0.014897108078002931,228,0,-0.023056497555211664,0.10336601418063082,pca0,"['CO', 'NO', 'NO2', 'NOX', 'O3']",['CO']
8019057,imputated,753,189,SVM,"{'C': 451, 'gamma': 1e-06}",0.02116870880126953,229,0,0.04798873825821215,0.09971236202532667,pca0,"['CO', 'NO', 'NO2', 'NOX', 'O3']",['CO']
8019057,imputated,753,189,SVM,"{'C': 451, 'gamma': 1e-05}",0.016203641891479492,230,0,0.24169019614723,0.0889920675835347,pca0,"['CO', 'NO', 'NO2', 'NOX', 'O3']",['CO']
8019057,imputated,753,189,SVM,"{'C': 461, 'gamma': 1e-09}",0.01401829719543457,231,0,-0.034622183247745575,0.10394865013851448,pca0,"['CO', 'NO', 'NO2', 'NOX', 'O3']",['CO']
8019057,imputated,753,189,SVM,"{'C': 461, 'gamma': 1e-08}",0.014088869094848631,232,0,-0.033926734120966806,0.10391370832567774,pca0,"['CO', 'NO', 'NO2', 'NOX', 'O3']",['CO']
8019057,imputated,753,189,SVM,"{'C': 461, 'gamma': 1e-07}",0.015258312225341797,233,0,-0.02280664266089727,0.1033533911820066,pca0,"['CO', 'NO', 'NO2', 'NOX', 'O3']",['CO']
8019057,imputated,753,189,SVM,"{'C': 461, 'gamma': 1e-06}",0.02118992805480957,234,0,0.04986601924103151,0.099614001586465,pca0,"['CO', 'NO', 'NO2', 'NOX', 'O3']",['CO']
8019057,imputated,753,189,SVM,"{'C': 461, 'gamma': 1e-05}",0.01665353775024414,235,0,0.24017088171956705,0.08908117316693177,pca0,"['CO', 'NO', 'NO2', 'NOX', 'O3']",['CO']
8019057,imputated,753,189,SVM,"{'C': 471, 'gamma': 1e-09}",0.013964414596557615,236,0,-0.03462050530428873,0.1039485658468624,pca0,"['CO', 'NO', 'NO2', 'NOX', 'O3']",['CO']
8019057,imputated,753,189,SVM,"{'C': 471, 'gamma': 1e-08}",0.014155626296997069,237,0,-0.033909990296131065,0.10391286691211404,pca0,"['CO', 'NO', 'NO2', 'NOX', 'O3']",['CO']
8019057,imputated,753,189,SVM,"{'C': 471, 'gamma': 1e-07}",0.015155315399169922,238,0,-0.0225568825714062,0.1033407714320346,pca0,"['CO', 'NO', 'NO2', 'NOX', 'O3']",['CO']
8019057,imputated,753,189,SVM,"{'C': 471, 'gamma': 1e-06}",0.02129364013671875,239,0,0.05075714123545239,0.09956727709669927,pca0,"['CO', 'NO', 'NO2', 'NOX', 'O3']",['CO']
8019057,imputated,753,189,SVM,"{'C': 471, 'gamma': 1e-05}",0.01590108871459961,240,0,0.24215929526645,0.08896453757034625,pca0,"['CO', 'NO', 'NO2', 'NOX', 'O3']",['CO']
8019057,imputated,753,189,SVM,"{'C': 481, 'gamma': 1e-09}",0.014156341552734375,241,0,-0.03461882739649513,0.10394848155693352,pca0,"['CO', 'NO', 'NO2', 'NOX', 'O3']",['CO']
8019057,imputated,753,189,SVM,"{'C': 481, 'gamma': 1e-08}",0.01404571533203125,242,0,-0.03389324733079091,0.10391202553492912,pca0,"['CO', 'NO', 'NO2', 'NOX', 'O3']",['CO']
8019057,imputated,753,189,SVM,"{'C': 481, 'gamma': 1e-07}",0.01609182357788086,243,0,-0.02230721726318685,0.10332815493071484,pca0,"['CO', 'NO', 'NO2', 'NOX', 'O3']",['CO']
8019057,imputated,753,189,SVM,"{'C': 481, 'gamma': 1e-06}",0.021229982376098636,244,0,0.05260310724110728,0.09947041713610556,pca0,"['CO', 'NO', 'NO2', 'NOX', 'O3']",['CO']
8019057,imputated,753,189,SVM,"{'C': 481, 'gamma': 1e-05}",0.015750885009765625,245,0,0.2455462000284557,0.08876551697138985,pca0,"['CO', 'NO', 'NO2', 'NOX', 'O3']",['CO']
8019057,imputated,753,189,SVM,"{'C': 491, 'gamma': 1e-09}",0.014038801193237305,246,0,-0.0346171494798484,0.10394839726649158,pca0,"['CO', 'NO', 'NO2', 'NOX', 'O3']",['CO']
8019057,imputated,753,189,SVM,"{'C': 491, 'gamma': 1e-08}",0.014036178588867188,247,0,-0.033876505156733794,0.10391118419069603,pca0,"['CO', 'NO', 'NO2', 'NOX', 'O3']",['CO']
8019057,imputated,753,189,SVM,"{'C': 491, 'gamma': 1e-07}",0.014906167984008787,248,0,-0.022057646782237542,0.1033155416815624,pca0,"['CO', 'NO', 'NO2', 'NOX', 'O3']",['CO']
8019057,imputated,753,189,SVM,"{'C': 491, 'gamma': 1e-06}",0.02089667320251465,249,0,0.054441991272813794,0.09937383490780256,pca0,"['CO', 'NO', 'NO2', 'NOX', 'O3']",['CO']
8019057,imputated,753,189,SVM,"{'C': 491, 'gamma': 1e-05}",0.015674352645874023,250,0,0.24871765760467845,0.0885787510348104,pca0,"['CO', 'NO', 'NO2', 'NOX', 'O3']",['CO']
8019057,imputated,753,189,MLP,"{'batch_size': 10, 'epochs': 10, 'neurons': 20}",2.264576911926269,1,0,0.3162962952851426,0.08450101640949857,pca0,"['CO', 'NO', 'NO2', 'NOX', 'O3']",['CO']
8019057,imputated,753,189,MLP,"{'batch_size': 10, 'epochs': 10, 'neurons': 50}",2.281996488571167,2,0,0.2823672827813938,0.08657232619109728,pca0,"['CO', 'NO', 'NO2', 'NOX', 'O3']",['CO']
8019057,imputated,753,189,MLP,"{'batch_size': 10, 'epochs': 10, 'neurons': 100}",2.26540756225586,3,0,0.2457658719481335,0.08875259409894415,pca0,"['CO', 'NO', 'NO2', 'NOX', 'O3']",['CO']
8019057,imputated,753,189,MLP,"{'batch_size': 10, 'epochs': 10, 'neurons': 500}",2.3115007877349854,4,0,0.11083161319467084,0.09636514242481717,pca0,"['CO', 'NO', 'NO2', 'NOX', 'O3']",['CO']
8019057,imputated,753,189,MLP,"{'batch_size': 10, 'epochs': 50, 'neurons': 20}",4.993005275726318,5,0,0.2564885133658965,0.08811945531273857,pca0,"['CO', 'NO', 'NO2', 'NOX', 'O3']",['CO']
8019057,imputated,753,189,MLP,"{'batch_size': 10, 'epochs': 50, 'neurons': 50}",5.073652505874634,6,0,0.20822071319395807,0.09093478382288356,pca0,"['CO', 'NO', 'NO2', 'NOX', 'O3']",['CO']
8019057,imputated,753,189,MLP,"{'batch_size': 10, 'epochs': 50, 'neurons': 100}",5.165266990661621,7,0,0.18218127500380174,0.09241798469275343,pca0,"['CO', 'NO', 'NO2', 'NOX', 'O3']",['CO']
8019057,imputated,753,189,MLP,"{'batch_size': 10, 'epochs': 50, 'neurons': 500}",5.29266881942749,8,0,0.16393362139266102,0.09344333420754676,pca0,"['CO', 'NO', 'NO2', 'NOX', 'O3']",['CO']
8019057,imputated,753,189,MLP,"{'batch_size': 10, 'epochs': 100, 'neurons': 20}",8.470343351364138,9,0,0.247506789626448,0.08865010817810823,pca0,"['CO', 'NO', 'NO2', 'NOX', 'O3']",['CO']
8019057,imputated,753,189,MLP,"{'batch_size': 10, 'epochs': 100, 'neurons': 50}",8.733555793762207,10,0,0.18866262676638268,0.0920510375134458,pca0,"['CO', 'NO', 'NO2', 'NOX', 'O3']",['CO']
8019057,imputated,753,189,MLP,"{'batch_size': 10, 'epochs': 100, 'neurons': 100}",8.779891729354857,11,0,0.1644653256554861,0.09341361872143386,pca0,"['CO', 'NO', 'NO2', 'NOX', 'O3']",['CO']
8019057,imputated,753,189,MLP,"{'batch_size': 10, 'epochs': 100, 'neurons': 500}",9.488279104232786,12,0,0.12714358787344027,0.09547712929222404,pca0,"['CO', 'NO', 'NO2', 'NOX', 'O3']",['CO']
8019057,imputated,753,189,MLP,"{'batch_size': 50, 'epochs': 10, 'neurons': 20}",1.7801508903503418,13,0,0.20407556886655454,0.09117249938894867,pca0,"['CO', 'NO', 'NO2', 'NOX', 'O3']",['CO']
8019057,imputated,753,189,MLP,"{'batch_size': 50, 'epochs': 10, 'neurons': 50}",1.7611055374145508,14,0,0.32171180175819714,0.08416569343423609,pca0,"['CO', 'NO', 'NO2', 'NOX', 'O3']",['CO']
8019057,imputated,753,189,MLP,"{'batch_size': 50, 'epochs': 10, 'neurons': 100}",1.74601411819458,15,0,0.3075290074811485,0.08504107685796122,pca0,"['CO', 'NO', 'NO2', 'NOX', 'O3']",['CO']
8019057,imputated,753,189,MLP,"{'batch_size': 50, 'epochs': 10, 'neurons': 500}",1.788341760635376,16,0,0.2901498906918426,0.08610160828985408,pca0,"['CO', 'NO', 'NO2', 'NOX', 'O3']",['CO']
8019057,imputated,753,189,MLP,"{'batch_size': 50, 'epochs': 50, 'neurons': 20}",2.3604090213775635,17,0,0.27671309757783946,0.08691270430714512,pca0,"['CO', 'NO', 'NO2', 'NOX', 'O3']",['CO']
8019057,imputated,753,189,MLP,"{'batch_size': 50, 'epochs': 50, 'neurons': 50}",2.382420063018799,18,0,0.2770676377253567,0.08689139906472085,pca0,"['CO', 'NO', 'NO2', 'NOX', 'O3']",['CO']
8019057,imputated,753,189,MLP,"{'batch_size': 50, 'epochs': 50, 'neurons': 100}",2.4029533863067627,19,0,0.2642309324569526,0.08765945232376116,pca0,"['CO', 'NO', 'NO2', 'NOX', 'O3']",['CO']
8019057,imputated,753,189,MLP,"{'batch_size': 50, 'epochs': 50, 'neurons': 500}",2.520763874053955,20,0,0.25334152616061323,0.0883057460093731,pca0,"['CO', 'NO', 'NO2', 'NOX', 'O3']",['CO']
8019057,imputated,753,189,MLP,"{'batch_size': 50, 'epochs': 100, 'neurons': 20}",3.165318965911865,21,0,0.2686286656229389,0.08739707440736715,pca0,"['CO', 'NO', 'NO2', 'NOX', 'O3']",['CO']
8019057,imputated,753,189,MLP,"{'batch_size': 50, 'epochs': 100, 'neurons': 50}",3.2281110286712646,22,0,0.2831754935203331,0.08652355568664608,pca0,"['CO', 'NO', 'NO2', 'NOX', 'O3']",['CO']
8019057,imputated,753,189,MLP,"{'batch_size': 50, 'epochs': 100, 'neurons': 100}",3.2067856788635254,23,0,0.2433831508602992,0.08889267629273888,pca0,"['CO', 'NO', 'NO2', 'NOX', 'O3']",['CO']
8019057,imputated,753,189,MLP,"{'batch_size': 50, 'epochs': 100, 'neurons': 500}",3.4404282569885254,24,0,0.21675671648917286,0.09044327458747084,pca0,"['CO', 'NO', 'NO2', 'NOX', 'O3']",['CO']
8019057,imputated,753,189,MLP,"{'batch_size': 100, 'epochs': 10, 'neurons': 20}",1.673764944076538,25,0,0.07120675101211049,0.09848893880339032,pca0,"['CO', 'NO', 'NO2', 'NOX', 'O3']",['CO']
8019057,imputated,753,189,MLP,"{'batch_size': 100, 'epochs': 10, 'neurons': 50}",1.6922037601470947,26,0,0.2552253921234241,0.08819427488914387,pca0,"['CO', 'NO', 'NO2', 'NOX', 'O3']",['CO']
8019057,imputated,753,189,MLP,"{'batch_size': 100, 'epochs': 10, 'neurons': 100}",2.510571241378784,27,0,0.32327546703698484,0.08406861925985606,pca0,"['CO', 'NO', 'NO2', 'NOX', 'O3']",['CO']
8019057,imputated,753,189,MLP,"{'batch_size': 100, 'epochs': 10, 'neurons': 500}",2.8283474445343018,28,0,0.3021059609452663,0.0853734307022719,pca0,"['CO', 'NO', 'NO2', 'NOX', 'O3']",['CO']
8019057,imputated,753,189,MLP,"{'batch_size': 100, 'epochs': 50, 'neurons': 20}",3.234937906265259,29,0,0.3086964269840363,0.08496936394570326,pca0,"['CO', 'NO', 'NO2', 'NOX', 'O3']",['CO']
8019057,imputated,753,189,MLP,"{'batch_size': 100, 'epochs': 50, 'neurons': 50}",2.601100444793701,30,0,0.2666117252635227,0.08751750796430448,pca0,"['CO', 'NO', 'NO2', 'NOX', 'O3']",['CO']
8019057,imputated,753,189,MLP,"{'batch_size': 100, 'epochs': 50, 'neurons': 100}",2.090605497360229,31,0,0.2638942403994365,0.08767950078986332,pca0,"['CO', 'NO', 'NO2', 'NOX', 'O3']",['CO']
8019057,imputated,753,189,MLP,"{'batch_size': 100, 'epochs': 50, 'neurons': 500}",2.1572725772857666,32,0,0.27226009280798524,0.08717983575772935,pca0,"['CO', 'NO', 'NO2', 'NOX', 'O3']",['CO']
8019057,imputated,753,189,MLP,"{'batch_size': 100, 'epochs': 100, 'neurons': 20}",2.461066246032715,33,0,0.2857805263279165,0.08636620186700959,pca0,"['CO', 'NO', 'NO2', 'NOX', 'O3']",['CO']
8019057,imputated,753,189,MLP,"{'batch_size': 100, 'epochs': 100, 'neurons': 50}",2.4867684841156006,34,0,0.2891923782807495,0.0861596573843183,pca0,"['CO', 'NO', 'NO2', 'NOX', 'O3']",['CO']
8019057,imputated,753,189,MLP,"{'batch_size': 100, 'epochs': 100, 'neurons': 100}",2.546406507492065,35,0,0.26463451372622226,0.08763540617655084,pca0,"['CO', 'NO', 'NO2', 'NOX', 'O3']",['CO']
8019057,imputated,753,189,MLP,"{'batch_size': 100, 'epochs': 100, 'neurons': 500}",2.741657495498657,36,0,0.2299764001001594,0.08967677439379679,pca0,"['CO', 'NO', 'NO2', 'NOX', 'O3']",['CO']
8019057,imputated,753,189,LSTM,"{'batch_size': 10, 'epochs': 10, 'neurons': 20}",5.717438220977782,1,0,0.3549236712936109,0.08207927728429065,pca0,"['CO', 'NO', 'NO2', 'NOX', 'O3']",['CO']
8019057,imputated,753,189,LSTM,"{'batch_size': 10, 'epochs': 10, 'neurons': 50}",5.771712779998778,2,0,0.3393938680612122,0.08306140572022283,pca0,"['CO', 'NO', 'NO2', 'NOX', 'O3']",['CO']
8019057,imputated,753,189,LSTM,"{'batch_size': 10, 'epochs': 10, 'neurons': 100}",5.893923282623291,3,0,0.30924995845566305,0.08493534338411794,pca0,"['CO', 'NO', 'NO2', 'NOX', 'O3']",['CO']
8019057,imputated,753,189,LSTM,"{'batch_size': 10, 'epochs': 10, 'neurons': 500}",16.763017177581787,4,0,0.2919168984263757,0.08599438464380872,pca0,"['CO', 'NO', 'NO2', 'NOX', 'O3']",['CO']
8019057,imputated,753,189,LSTM,"{'batch_size': 10, 'epochs': 50, 'neurons': 20}",10.685750007629396,5,0,0.2946810583099341,0.08582637114792847,pca0,"['CO', 'NO', 'NO2', 'NOX', 'O3']",['CO']
8019057,imputated,753,189,LSTM,"{'batch_size': 10, 'epochs': 50, 'neurons': 50}",10.858942985534668,6,0,0.27083785956625794,0.0872649866335204,pca0,"['CO', 'NO', 'NO2', 'NOX', 'O3']",['CO']
8019057,imputated,753,189,LSTM,"{'batch_size': 10, 'epochs': 50, 'neurons': 100}",11.577576637268065,7,0,0.26484566631755724,0.0876228252770569,pca0,"['CO', 'NO', 'NO2', 'NOX', 'O3']",['CO']
8019057,imputated,753,189,LSTM,"{'batch_size': 10, 'epochs': 50, 'neurons': 500}",37.031634330749505,8,0,0.2319404074008972,0.0895623329640872,pca0,"['CO', 'NO', 'NO2', 'NOX', 'O3']",['CO']
8019057,imputated,753,189,LSTM,"{'batch_size': 10, 'epochs': 100, 'neurons': 20}",16.473842144012448,9,0,0.26834816936013683,0.08741384302712284,pca0,"['CO', 'NO', 'NO2', 'NOX', 'O3']",['CO']
8019057,imputated,753,189,LSTM,"{'batch_size': 10, 'epochs': 100, 'neurons': 50}",17.17814016342163,10,0,0.254830933708745,0.08821762501319902,pca0,"['CO', 'NO', 'NO2', 'NOX', 'O3']",['CO']
8019057,imputated,753,189,LSTM,"{'batch_size': 10, 'epochs': 100, 'neurons': 100}",18.62427544593811,11,0,0.2355267274666325,0.08935299333155708,pca0,"['CO', 'NO', 'NO2', 'NOX', 'O3']",['CO']
8019057,imputated,753,189,LSTM,"{'batch_size': 10, 'epochs': 100, 'neurons': 500}",70.04671430587769,12,0,0.1827204165349673,0.09238751603103032,pca0,"['CO', 'NO', 'NO2', 'NOX', 'O3']",['CO']
8019057,imputated,753,189,LSTM,"{'batch_size': 50, 'epochs': 10, 'neurons': 20}",4.800293684005737,13,0,0.18084521272077125,0.0924934478804065,pca0,"['CO', 'NO', 'NO2', 'NOX', 'O3']",['CO']
8019057,imputated,753,189,LSTM,"{'batch_size': 50, 'epochs': 10, 'neurons': 50}",4.823584794998169,14,0,0.29319482945445263,0.08591674965984106,pca0,"['CO', 'NO', 'NO2', 'NOX', 'O3']",['CO']
8019057,imputated,753,189,LSTM,"{'batch_size': 50, 'epochs': 10, 'neurons': 100}",4.860718965530396,15,0,0.3244719665328137,0.08399426601628078,pca0,"['CO', 'NO', 'NO2', 'NOX', 'O3']",['CO']
8019057,imputated,753,189,LSTM,"{'batch_size': 50, 'epochs': 10, 'neurons': 500}",6.339964151382446,16,0,0.3609037728364539,0.08169793633866446,pca0,"['CO', 'NO', 'NO2', 'NOX', 'O3']",['CO']
8019057,imputated,753,189,LSTM,"{'batch_size': 50, 'epochs': 50, 'neurons': 20}",5.746469259262085,17,0,0.2974314104401272,0.0856588680050956,pca0,"['CO', 'NO', 'NO2', 'NOX', 'O3']",['CO']
8019057,imputated,753,189,LSTM,"{'batch_size': 50, 'epochs': 50, 'neurons': 50}",5.888288736343384,18,0,0.3052121719408347,0.08518322005718887,pca0,"['CO', 'NO', 'NO2', 'NOX', 'O3']",['CO']
8019057,imputated,753,189,LSTM,"{'batch_size': 50, 'epochs': 50, 'neurons': 100}",6.139520406723023,19,0,0.2967202384774313,0.08570221097175351,pca0,"['CO', 'NO', 'NO2', 'NOX', 'O3']",['CO']
8019057,imputated,753,189,LSTM,"{'batch_size': 50, 'epochs': 50, 'neurons': 500}",13.428788661956787,20,0,0.29793446285280123,0.08562819402281995,pca0,"['CO', 'NO', 'NO2', 'NOX', 'O3']",['CO']
8019057,imputated,753,189,LSTM,"{'batch_size': 50, 'epochs': 100, 'neurons': 20}",6.994616985321045,21,0,0.3002875432144965,0.08548457640319286,pca0,"['CO', 'NO', 'NO2', 'NOX', 'O3']",['CO']
8019057,imputated,753,189,LSTM,"{'batch_size': 50, 'epochs': 100, 'neurons': 50}",7.202583312988281,22,0,0.2921215956230325,0.08598195085967758,pca0,"['CO', 'NO', 'NO2', 'NOX', 'O3']",['CO']
8019057,imputated,753,189,LSTM,"{'batch_size': 50, 'epochs': 100, 'neurons': 100}",7.8453049659729,23,0,0.2885705017698749,0.08619734375188003,pca0,"['CO', 'NO', 'NO2', 'NOX', 'O3']",['CO']
8019057,imputated,753,189,LSTM,"{'batch_size': 50, 'epochs': 100, 'neurons': 500}",22.523902177810672,24,0,0.27326274264865197,0.08711976718495544,pca0,"['CO', 'NO', 'NO2', 'NOX', 'O3']",['CO']
8019057,imputated,753,189,LSTM,"{'batch_size': 100, 'epochs': 10, 'neurons': 20}",4.545246362686157,25,0,0.2058118530839389,0.09107300255454456,pca0,"['CO', 'NO', 'NO2', 'NOX', 'O3']",['CO']
8019057,imputated,753,189,LSTM,"{'batch_size': 100, 'epochs': 10, 'neurons': 50}",4.551054239273071,26,0,0.12746314856525198,0.09545965267640154,pca0,"['CO', 'NO', 'NO2', 'NOX', 'O3']",['CO']
8019057,imputated,753,189,LSTM,"{'batch_size': 100, 'epochs': 10, 'neurons': 100}",4.63715386390686,27,0,0.2399106158760588,0.08909642343112664,pca0,"['CO', 'NO', 'NO2', 'NOX', 'O3']",['CO']
8019057,imputated,753,189,LSTM,"{'batch_size': 100, 'epochs': 10, 'neurons': 500}",5.63737416267395,28,0,0.3286002113000578,0.08373722593725604,pca0,"['CO', 'NO', 'NO2', 'NOX', 'O3']",['CO']
8019057,imputated,753,189,LSTM,"{'batch_size': 100, 'epochs': 50, 'neurons': 20}",5.132834672927856,29,0,0.34198980427846737,0.08289803931992934,pca0,"['CO', 'NO', 'NO2', 'NOX', 'O3']",['CO']
8019057,imputated,753,189,LSTM,"{'batch_size': 100, 'epochs': 50, 'neurons': 50}",5.180408477783203,30,0,0.3109010822995847,0.08483376796409815,pca0,"['CO', 'NO', 'NO2', 'NOX', 'O3']",['CO']
8019057,imputated,753,189,LSTM,"{'batch_size': 100, 'epochs': 50, 'neurons': 100}",5.530349969863892,31,0,0.3001104006840163,0.08549539952996932,pca0,"['CO', 'NO', 'NO2', 'NOX', 'O3']",['CO']
8019057,imputated,753,189,LSTM,"{'batch_size': 100, 'epochs': 50, 'neurons': 500}",11.0482759475708,32,0,0.2995559355371584,0.08552925448778016,pca0,"['CO', 'NO', 'NO2', 'NOX', 'O3']",['CO']
8019057,imputated,753,189,LSTM,"{'batch_size': 100, 'epochs': 100, 'neurons': 20}",5.831610679626465,33,0,0.3005484064384871,0.08546863607768639,pca0,"['CO', 'NO', 'NO2', 'NOX', 'O3']",['CO']
8019057,imputated,753,189,LSTM,"{'batch_size': 100, 'epochs': 100, 'neurons': 50}",12.160242319107056,34,0,0.2997169606389364,0.08551942393589304,pca0,"['CO', 'NO', 'NO2', 'NOX', 'O3']",['CO']
8019057,imputated,753,189,LSTM,"{'batch_size': 100, 'epochs': 100, 'neurons': 100}",7.138333559036255,35,0,0.2963435791299747,0.08572515620482027,pca0,"['CO', 'NO', 'NO2', 'NOX', 'O3']",['CO']
8019057,imputated,753,189,LSTM,"{'batch_size': 100, 'epochs': 100, 'neurons': 500}",16.925838232040405,36,0,0.2899386750791333,0.08611442765450279,pca0,"['CO', 'NO', 'NO2', 'NOX', 'O3']",['CO']
8019057,imputated,753,189,GRU,"{'batch_size': 10, 'epochs': 10, 'neurons': 20}",6.02716326713562,1,0,0.3329988110531569,0.08346247414468122,pca0,"['CO', 'NO', 'NO2', 'NOX', 'O3']",['CO']
8019057,imputated,753,189,GRU,"{'batch_size': 10, 'epochs': 10, 'neurons': 50}",6.12667441368103,2,0,0.3246058311614837,0.08398594411226941,pca0,"['CO', 'NO', 'NO2', 'NOX', 'O3']",['CO']
8019057,imputated,753,189,GRU,"{'batch_size': 10, 'epochs': 10, 'neurons': 100}",6.359680891036987,3,0,0.3056853280543765,0.08515421215296308,pca0,"['CO', 'NO', 'NO2', 'NOX', 'O3']",['CO']
8019057,imputated,753,189,GRU,"{'batch_size': 10, 'epochs': 10, 'neurons': 500}",14.091315031051636,4,0,0.2672679742954049,0.08747834092959363,pca0,"['CO', 'NO', 'NO2', 'NOX', 'O3']",['CO']
8019057,imputated,753,189,GRU,"{'batch_size': 10, 'epochs': 50, 'neurons': 20}",11.667253971099855,5,0,0.3036142787626237,0.08528112226153739,pca0,"['CO', 'NO', 'NO2', 'NOX', 'O3']",['CO']
8019057,imputated,753,189,GRU,"{'batch_size': 10, 'epochs': 50, 'neurons': 50}",11.648393154144287,6,0,0.3012012783660768,0.08542874772226909,pca0,"['CO', 'NO', 'NO2', 'NOX', 'O3']",['CO']
8019057,imputated,753,189,GRU,"{'batch_size': 10, 'epochs': 50, 'neurons': 100}",13.46396279335022,7,0,0.2986935214226787,0.08558189174033587,pca0,"['CO', 'NO', 'NO2', 'NOX', 'O3']",['CO']
8019057,imputated,753,189,GRU,"{'batch_size': 10, 'epochs': 50, 'neurons': 500}",52.21507215499878,8,0,0.2877526921514389,0.0862468737358727,pca0,"['CO', 'NO', 'NO2', 'NOX', 'O3']",['CO']
8019057,imputated,753,189,GRU,"{'batch_size': 10, 'epochs': 100, 'neurons': 20}",17.246563911437992,9,0,0.2995595057561268,0.0855290339865428,pca0,"['CO', 'NO', 'NO2', 'NOX', 'O3']",['CO']
8019057,imputated,753,189,GRU,"{'batch_size': 10, 'epochs': 100, 'neurons': 50}",19.893450021743774,10,0,0.2950557463746293,0.08580356694976117,pca0,"['CO', 'NO', 'NO2', 'NOX', 'O3']",['CO']
8019057,imputated,753,189,GRU,"{'batch_size': 10, 'epochs': 100, 'neurons': 100}",22.275495767593387,11,0,0.28995810459508875,0.08611324341016749,pca0,"['CO', 'NO', 'NO2', 'NOX', 'O3']",['CO']
8019057,imputated,753,189,GRU,"{'batch_size': 10, 'epochs': 100, 'neurons': 500}",100.27282524108887,12,0,0.2801888269245452,0.08670362703666455,pca0,"['CO', 'NO', 'NO2', 'NOX', 'O3']",['CO']
8019057,imputated,753,189,GRU,"{'batch_size': 50, 'epochs': 10, 'neurons': 20}",5.272474527359009,13,0,0.3425990183706639,0.0828596560029069,pca0,"['CO', 'NO', 'NO2', 'NOX', 'O3']",['CO']
8019057,imputated,753,189,GRU,"{'batch_size': 50, 'epochs': 10, 'neurons': 50}",5.260637283325195,14,0,0.3585799992060763,0.08184632961414387,pca0,"['CO', 'NO', 'NO2', 'NOX', 'O3']",['CO']
8019057,imputated,753,189,GRU,"{'batch_size': 50, 'epochs': 10, 'neurons': 100}",5.259093284606934,15,0,0.35763939289598295,0.08190631719325954,pca0,"['CO', 'NO', 'NO2', 'NOX', 'O3']",['CO']
8019057,imputated,753,189,GRU,"{'batch_size': 50, 'epochs': 10, 'neurons': 500}",7.5042665004730225,16,0,0.3160932598364013,0.0845135606283362,pca0,"['CO', 'NO', 'NO2', 'NOX', 'O3']",['CO']
8019057,imputated,753,189,GRU,"{'batch_size': 50, 'epochs': 50, 'neurons': 20}",6.447960138320923,17,0,0.31552136090301475,0.08454888823485776,pca0,"['CO', 'NO', 'NO2', 'NOX', 'O3']",['CO']
8019057,imputated,753,189,GRU,"{'batch_size': 50, 'epochs': 50, 'neurons': 50}",6.337044954299928,18,0,0.3174607041328561,0.08442902402845677,pca0,"['CO', 'NO', 'NO2', 'NOX', 'O3']",['CO']
8019057,imputated,753,189,GRU,"{'batch_size': 50, 'epochs': 50, 'neurons': 100}",6.7745604515075675,19,0,0.3169200784419586,0.08446246289618957,pca0,"['CO', 'NO', 'NO2', 'NOX', 'O3']",['CO']
8019057,imputated,753,189,GRU,"{'batch_size': 50, 'epochs': 50, 'neurons': 500}",16.163910388946533,20,0,0.3159656456899781,0.08452144492780359,pca0,"['CO', 'NO', 'NO2', 'NOX', 'O3']",['CO']
8019057,imputated,753,189,GRU,"{'batch_size': 50, 'epochs': 100, 'neurons': 20}",7.98349404335022,21,0,0.3188067929225579,0.08434573323800372,pca0,"['CO', 'NO', 'NO2', 'NOX', 'O3']",['CO']
8019057,imputated,753,189,GRU,"{'batch_size': 50, 'epochs': 100, 'neurons': 50}",7.768880367279053,22,0,0.31425189041860346,0.08462725532747359,pca0,"['CO', 'NO', 'NO2', 'NOX', 'O3']",['CO']
8019057,imputated,753,189,GRU,"{'batch_size': 50, 'epochs': 100, 'neurons': 100}",8.813721895217897,23,0,0.3138024459253409,0.0846549833739129,pca0,"['CO', 'NO', 'NO2', 'NOX', 'O3']",['CO']
8019057,imputated,753,189,GRU,"{'batch_size': 50, 'epochs': 100, 'neurons': 500}",27.67055034637451,24,0,0.3139130208884424,0.0846481677378047,pca0,"['CO', 'NO', 'NO2', 'NOX', 'O3']",['CO']
8019057,imputated,753,189,GRU,"{'batch_size': 100, 'epochs': 10, 'neurons': 20}",5.022502422332764,25,0,0.2098120433013324,0.0908433618317438,pca0,"['CO', 'NO', 'NO2', 'NOX', 'O3']",['CO']
8019057,imputated,753,189,GRU,"{'batch_size': 100, 'epochs': 10, 'neurons': 50}",4.991097927093506,26,0,0.3079718103814341,0.08501388281285249,pca0,"['CO', 'NO', 'NO2', 'NOX', 'O3']",['CO']
8019057,imputated,753,189,GRU,"{'batch_size': 100, 'epochs': 10, 'neurons': 100}",5.0353522300720215,27,0,0.34317876386398616,0.08282311591894967,pca0,"['CO', 'NO', 'NO2', 'NOX', 'O3']",['CO']
8019057,imputated,753,189,GRU,"{'batch_size': 100, 'epochs': 10, 'neurons': 500}",6.3850579261779785,28,0,0.33432107996144345,0.08337970898568642,pca0,"['CO', 'NO', 'NO2', 'NOX', 'O3']",['CO']
8019057,imputated,753,189,GRU,"{'batch_size': 100, 'epochs': 50, 'neurons': 20}",5.6583917140960684,29,0,0.3361110335332185,0.0832675348729628,pca0,"['CO', 'NO', 'NO2', 'NOX', 'O3']",['CO']
8019057,imputated,753,189,GRU,"{'batch_size': 100, 'epochs': 50, 'neurons': 50}",5.752951622009277,30,0,0.3205570817743346,0.08423730002773079,pca0,"['CO', 'NO', 'NO2', 'NOX', 'O3']",['CO']
8019057,imputated,753,189,GRU,"{'batch_size': 100, 'epochs': 50, 'neurons': 100}",6.0788397789001465,31,0,0.3158820045137488,0.08452661257413978,pca0,"['CO', 'NO', 'NO2', 'NOX', 'O3']",['CO']
8019057,imputated,753,189,GRU,"{'batch_size': 100, 'epochs': 50, 'neurons': 500}",12.230964183807373,32,0,0.3139748127390177,0.08464435261233927,pca0,"['CO', 'NO', 'NO2', 'NOX', 'O3']",['CO']
8019057,imputated,753,189,GRU,"{'batch_size': 100, 'epochs': 100, 'neurons': 20}",6.581119060516357,33,0,0.3147949491757315,0.08459374673559424,pca0,"['CO', 'NO', 'NO2', 'NOX', 'O3']",['CO']
8019057,imputated,753,189,GRU,"{'batch_size': 100, 'epochs': 100, 'neurons': 50}",6.672789335250855,34,0,0.313938765934627,0.08464658064449351,pca0,"['CO', 'NO', 'NO2', 'NOX', 'O3']",['CO']
8019057,imputated,753,189,GRU,"{'batch_size': 100, 'epochs': 100, 'neurons': 100}",7.2337806224823,35,0,0.3137056798919359,0.08466095966863824,pca0,"['CO', 'NO', 'NO2', 'NOX', 'O3']",['CO']
8019057,imputated,753,189,GRU,"{'batch_size': 100, 'epochs': 100, 'neurons': 500}",18.80567622184753,36,0,0.3134729256865776,0.08467531150384537,pca0,"['CO', 'NO', 'NO2', 'NOX', 'O3']",['CO']
